<?xml version="1.0" encoding="UTF-8" standalone="yes"?>
<office:document-styles xmlns:table="urn:oasis:names:tc:opendocument:xmlns:table:1.0" xmlns:office="urn:oasis:names:tc:opendocument:xmlns:office:1.0" xmlns:text="urn:oasis:names:tc:opendocument:xmlns:text:1.0" xmlns:style="urn:oasis:names:tc:opendocument:xmlns:style:1.0" xmlns:draw="urn:oasis:names:tc:opendocument:xmlns:drawing:1.0" xmlns:fo="urn:oasis:names:tc:opendocument:xmlns:xsl-fo-compatible:1.0" xmlns:xlink="http://www.w3.org/1999/xlink" xmlns:dc="http://purl.org/dc/elements/1.1/" xmlns:number="urn:oasis:names:tc:opendocument:xmlns:datastyle:1.0" xmlns:svg="urn:oasis:names:tc:opendocument:xmlns:svg-compatible:1.0" xmlns:msoxl="http://schemas.microsoft.com/office/excel/formula"><office:font-face-decls><style:font-face style:name="Calibri" svg:font-family="Calibri"/><style:font-face style:name="Cambria" svg:font-family="Cambria"/></office:font-face-decls><office:styles><number:number-style style:name="N0"><number:number number:min-integer-digits="1"/></number:number-style><number:number-style style:name="N15"><number:scientific-number number:decimal-places="2" number:min-integer-digits="1" number:min-exponent-digits="2"/></number:number-style><number:date-style style:name="N19"><number:day number:style="long"/><number:text>/</number:text><number:month number:style="long"/><number:text>/</number:text><number:year number:style="long"/></number:date-style><style:style style:name="_50_0_37__32_-_32__201_nfasis1" style:display-name="20% - Énfasis1" style:family="table-cell" style:data-style-name="N0"><style:table-cell-properties fo:background-color="#DCE6F1"/></style:style><style:style style:name="_50_0_37__32_-_32__201_nfasis2" style:display-name="20% - Énfasis2" style:family="table-cell" style:data-style-name="N0"><style:table-cell-properties fo:background-color="#F2DCDB"/></style:style><style:style style:name="_50_0_37__32_-_32__201_nfasis3" style:display-name="20% - Énfasis3" style:family="table-cell" style:data-style-name="N0"><style:table-cell-properties fo:background-color="#EBF1DE"/></style:style><style:style style:name="_50_0_37__32_-_32__201_nfasis4" style:display-name="20% - Énfasis4" style:family="table-cell" style:data-style-name="N0"><style:table-cell-properties fo:background-color="#E4DFEC"/></style:style><style:style style:name="_50_0_37__32_-_32__201_nfasis5" style:display-name="20% - Énfasis5" style:family="table-cell" style:data-style-name="N0"><style:table-cell-properties fo:background-color="#DAEEF3"/></style:style><style:style style:name="_50_0_37__32_-_32__201_nfasis6" style:display-name="20% - Énfasis6" style:family="table-cell" style:data-style-name="N0"><style:table-cell-properties fo:background-color="#FDE9D9"/></style:style><style:style style:name="_52_0_37__32_-_32__201_nfasis1" style:display-name="40% - Énfasis1" style:family="table-cell" style:data-style-name="N0"><style:table-cell-properties fo:background-color="#B8CCE4"/></style:style><style:style style:name="_52_0_37__32_-_32__201_nfasis2" style:display-name="40% - Énfasis2" style:family="table-cell" style:data-style-name="N0"><style:table-cell-properties fo:background-color="#E6B8B7"/></style:style><style:style style:name="_52_0_37__32_-_32__201_nfasis3" style:display-name="40% - Énfasis3" style:family="table-cell" style:data-style-name="N0"><style:table-cell-properties fo:background-color="#D8E4BC"/></style:style><style:style style:name="_52_0_37__32_-_32__201_nfasis4" style:display-name="40% - Énfasis4" style:family="table-cell" style:data-style-name="N0"><style:table-cell-properties fo:background-color="#CCC0DA"/></style:style><style:style style:name="_52_0_37__32_-_32__201_nfasis5" style:display-name="40% - Énfasis5" style:family="table-cell" style:data-style-name="N0"><style:table-cell-properties fo:background-color="#B7DEE8"/></style:style><style:style style:name="_52_0_37__32_-_32__201_nfasis6" style:display-name="40% - Énfasis6" style:family="table-cell" style:data-style-name="N0"><style:table-cell-properties fo:background-color="#FCD5B4"/></style:style><style:style style:name="_54_0_37__32_-_32__201_nfasis1" style:display-name="60% - Énfasis1" style:family="table-cell" style:data-style-name="N0"><style:table-cell-properties fo:background-color="#95B3D7"/><style:text-properties fo:color="#FFFFFF"/></style:style><style:style style:name="_54_0_37__32_-_32__201_nfasis2" style:display-name="60% - Énfasis2" style:family="table-cell" style:data-style-name="N0"><style:table-cell-properties fo:background-color="#DA9694"/><style:text-properties fo:color="#FFFFFF"/></style:style><style:style style:name="_54_0_37__32_-_32__201_nfasis3" style:display-name="60% - Énfasis3" style:family="table-cell" style:data-style-name="N0"><style:table-cell-properties fo:background-color="#C4D79B"/><style:text-properties fo:color="#FFFFFF"/></style:style><style:style style:name="_54_0_37__32_-_32__201_nfasis4" style:display-name="60% - Énfasis4" style:family="table-cell" style:data-style-name="N0"><style:table-cell-properties fo:background-color="#B1A0C7"/><style:text-properties fo:color="#FFFFFF"/></style:style><style:style style:name="_54_0_37__32_-_32__201_nfasis5" style:display-name="60% - Énfasis5" style:family="table-cell" style:data-style-name="N0"><style:table-cell-properties fo:background-color="#92CDDC"/><style:text-properties fo:color="#FFFFFF"/></style:style><style:style style:name="_54_0_37__32_-_32__201_nfasis6" style:display-name="60% - Énfasis6" style:family="table-cell" style:data-style-name="N0"><style:table-cell-properties fo:background-color="#FABF8F"/><style:text-properties fo:color="#FFFFFF"/></style:style><style:style style:name="Buena" style:family="table-cell" style:data-style-name="N0"><style:table-cell-properties fo:background-color="#C6EFCE"/><style:text-properties fo:color="#006100"/></style:style><style:style style:name="C_225_lculo" style:display-name="Cálculo" style:family="table-cell" style:data-style-name="N0"><style:table-cell-properties fo:border="thin solid #7F7F7F" fo:background-color="#F2F2F2"/><style:text-properties fo:color="#FA7D00" fo:font-weight="bold" style:font-weight-asian="bold" style:font-weight-complex="bold"/></style:style><style:style style:name="Celda_32_de_32_comprobaci_243_n" style:display-name="Celda de comprobación" style:family="table-cell" style:data-style-name="N0"><style:table-cell-properties fo:border="thin double #3F3F3F" fo:background-color="#A5A5A5"/><style:text-properties fo:color="#FFFFFF" fo:font-weight="bold" style:font-weight-asian="bold" style:font-weight-complex="bold"/></style:style><style:style style:name="Celda_32_vinculada" style:display-name="Celda vinculada" style:family="table-cell" style:data-style-name="N0"><style:table-cell-properties fo:border-top="none" fo:border-bottom="thin double #FF8001" fo:border-left="none" fo:border-right="none"/><style:text-properties fo:color="#FA7D00"/></style:style><style:style style:name="Encabezado_32_4" style:display-name="Encabezado 4" style:family="table-cell" style:data-style-name="N0"><style:text-properties fo:color="#1F497D" fo:font-weight="bold" style:font-weight-asian="bold" style:font-weight-complex="bold"/></style:style><style:style style:name="_201_nfasis1" style:display-name="Énfasis1" style:family="table-cell" style:data-style-name="N0"><style:table-cell-properties fo:background-color="#4F81BD"/><style:text-properties fo:color="#FFFFFF"/></style:style><style:style style:name="_201_nfasis2" style:display-name="Énfasis2" style:family="table-cell" style:data-style-name="N0"><style:table-cell-properties fo:background-color="#C0504D"/><style:text-properties fo:color="#FFFFFF"/></style:style><style:style style:name="_201_nfasis3" style:display-name="Énfasis3" style:family="table-cell" style:data-style-name="N0"><style:table-cell-properties fo:background-color="#9BBB59"/><style:text-properties fo:color="#FFFFFF"/></style:style><style:style style:name="_201_nfasis4" style:display-name="Énfasis4" style:family="table-cell" style:data-style-name="N0"><style:table-cell-properties fo:background-color="#8064A2"/><style:text-properties fo:color="#FFFFFF"/></style:style><style:style style:name="_201_nfasis5" style:display-name="Énfasis5" style:family="table-cell" style:data-style-name="N0"><style:table-cell-properties fo:background-color="#4BACC6"/><style:text-properties fo:color="#FFFFFF"/></style:style><style:style style:name="_201_nfasis6" style:display-name="Énfasis6" style:family="table-cell" style:data-style-name="N0"><style:table-cell-properties fo:background-color="#F79646"/><style:text-properties fo:color="#FFFFFF"/></style:style><style:style style:name="Entrada" style:family="table-cell" style:data-style-name="N0"><style:table-cell-properties fo:border="thin solid #7F7F7F" fo:background-color="#FFCC99"/><style:text-properties fo:color="#3F3F76"/></style:style><style:style style:name="Hiperv_237_nculo" style:display-name="Hipervínculo" style:family="table-cell" style:data-style-name="N0"><style:text-properties fo:color="#0000FF" style:text-underline-style="solid" style:text-underline-type="single"/></style:style><style:style style:name="Incorrecto" style:family="table-cell" style:data-style-name="N0"><style:table-cell-properties fo:background-color="#FFC7CE"/><style:text-properties fo:color="#9C0006"/></style:style><style:style style:name="Neutral" style:family="table-cell" style:data-style-name="N0"><style:table-cell-properties fo:background-color="#FFEB9C"/><style:text-properties fo:color="#9C6500"/></style:style><style:style style:name="Default" style:family="table-cell" style:data-style-name="N0"><style:table-cell-properties style:vertical-align="automatic" fo:background-color="transparent"/><style:text-properties fo:color="#000000" style:font-name="Calibri" style:font-name-asian="Calibri" style:font-name-complex="Calibri" fo:font-size="11pt" style:font-size-asian="11pt" style:font-size-complex="11pt"/></style:style><style:style style:name="Notas" style:family="table-cell" style:data-style-name="N0"><style:table-cell-properties fo:border="thin solid #B2B2B2" fo:background-color="#FFFFCC"/></style:style><style:style style:name="Salida" style:family="table-cell" style:data-style-name="N0"><style:table-cell-properties fo:border="thin solid #3F3F3F" fo:background-color="#F2F2F2"/><style:text-properties fo:color="#3F3F3F" fo:font-weight="bold" style:font-weight-asian="bold" style:font-weight-complex="bold"/></style:style><style:style style:name="Texto_32_de_32_advertencia" style:display-name="Texto de advertencia" style:family="table-cell" style:data-style-name="N0"><style:text-properties fo:color="#FF0000"/></style:style><style:style style:name="Texto_32_explicativo" style:display-name="Texto explicativo" style:family="table-cell" style:data-style-name="N0"><style:text-properties fo:color="#7F7F7F" fo:font-style="italic" style:font-style-asian="italic" style:font-style-complex="italic"/></style:style><style:style style:name="T_237_tulo" style:display-name="Título" style:family="table-cell" style:data-style-name="N0"><style:text-properties fo:color="#1F497D" style:font-name="Cambria" style:font-name-asian="Cambria" style:font-name-complex="Cambria" fo:font-size="18pt" style:font-size-asian="18pt" style:font-size-complex="18pt" fo:font-weight="bold" style:font-weight-asian="bold" style:font-weight-complex="bold" style:font-family-generic="roman"/></style:style><style:style style:name="T_237_tulo_32_1" style:display-name="Título 1" style:family="table-cell" style:data-style-name="N0"><style:table-cell-properties fo:border-top="none" fo:border-bottom="thick solid #4F81BD" fo:border-left="none" fo:border-right="none"/><style:text-properties fo:color="#1F497D" fo:font-size="15pt" style:font-size-asian="15pt" style:font-size-complex="15pt" fo:font-weight="bold" style:font-weight-asian="bold" style:font-weight-complex="bold"/></style:style><style:style style:name="T_237_tulo_32_2" style:display-name="Título 2" style:family="table-cell" style:data-style-name="N0"><style:table-cell-properties fo:border-top="none" fo:border-bottom="thick solid #A7BFDE" fo:border-left="none" fo:border-right="none"/><style:text-properties fo:color="#1F497D" fo:font-size="13pt" style:font-size-asian="13pt" style:font-size-complex="13pt" fo:font-weight="bold" style:font-weight-asian="bold" style:font-weight-complex="bold"/></style:style><style:style style:name="T_237_tulo_32_3" style:display-name="Título 3" style:family="table-cell" style:data-style-name="N0"><style:table-cell-properties fo:border-top="none" fo:border-bottom="2pt solid #95B3D7" fo:border-left="none" fo:border-right="none"/><style:text-properties fo:color="#1F497D" fo:font-weight="bold" style:font-weight-asian="bold" style:font-weight-complex="bold"/></style:style><style:style style:name="Total" style:family="table-cell" style:data-style-name="N0"><style:table-cell-properties fo:border-top="thin solid #4F81BD" fo:border-bottom="thin double #4F81BD" fo:border-left="none" fo:border-right="none"/><style:text-properties fo:font-weight="bold" style:font-weight-asian="bold" style:font-weight-complex="bold"/></style:style><style:default-style style:family="graphic"><style:graphic-properties draw:fill="solid" draw:fill-color="#4f81bd" draw:opacity="100%" draw:stroke="solid" svg:stroke-width="0.02778in" svg:stroke-color="#385d8a" svg:stroke-opacity="100%"/></style:default-style></office:styles><office:automatic-styles><style:page-layout style:name="pm1"><style:page-layout-properties fo:margin-top="0.3in" fo:margin-bottom="0.3in" fo:margin-left="0.7in" fo:margin-right="0.7in" style:print-orientation="portrait" style:print-page-order="ttb" style:first-page-number="continue" style:scale-to="100%" style:table-centering="none" style:print="objects charts drawings"/><style:header-style><style:header-footer-properties fo:min-height="0.45in" fo:margin-left="0.7in" fo:margin-right="0.7in" fo:margin-bottom="0in"/></style:header-style><style:footer-style><style:header-footer-properties fo:min-height="0.45in" fo:margin-left="0.7in" fo:margin-right="0.7in" fo:margin-top="0in"/></style:footer-style></style:page-layout><style:page-layout style:name="pm2"><style:page-layout-properties fo:margin-top="0.3in" fo:margin-bottom="0.3in" fo:margin-left="0.7in" fo:margin-right="0.7in" style:table-centering="none" style:print="objects charts drawings"/><style:header-style><style:header-footer-properties fo:min-height="0.45in" fo:margin-left="0.7in" fo:margin-right="0.7in" fo:margin-bottom="0in"/></style:header-style><style:footer-style><style:header-footer-properties fo:min-height="0.45in" fo:margin-left="0.7in" fo:margin-right="0.7in" fo:margin-top="0in"/></style:footer-style></style:page-layout></office:automatic-styles><office:master-styles><style:master-page style:name="mp1" style:page-layout-name="pm1"><style:header/><style:header-left style:display="false"/><style:footer/><style:footer-left style:display="false"/></style:master-page><style:master-page style:name="mp2" style:page-layout-name="pm2"><style:header/><style:header-left style:display="false"/><style:footer/><style:footer-left style:display="false"/></style:master-page></office:master-styles></office:document-styles>